{"mean": 3.1688884240651887,"error": 0.1443484678629741,"raw": [3.0375652434878555,3.3097530882917936,2.9860143711508194,3.1777116582231564,3.063790894267795,3.297199032027586,3.118063669155462,3.4373386574645277,3.070966722172142,3.349003512251123,2.9828133471951497,3.338156460442629,2.981132577421042,3.2299776756049217,3.0819221400407857,3.2740160230300255,3.055157585858004,3.3575479000676087,3.0607494990861532,]}